{
	"info": {
		"_postman_id": "ee43f758-daab-4ffd-bccc-9fcf8f52e2d8",
		"name": "LaunchX",
		"schema": "https://schema.getpostman.com/json/collection/v2.1.0/collection.json"
	},
	"item": [
		{
			"name": "localhost:3000/v1/explorers",
			"protocolProfileBehavior": {
				"disableBodyPruning": true
			},
			"request": {
				"method": "GET",
				"header": [],
				"body": {
					"mode": "raw",
					"raw": "",
					"options": {
						"raw": {
							"language": "json"
						}
					}
				},
				"url": {
					"raw": "localhost:3000/v1/explorers",
					"host": [
						"localhost"
					],
					"port": "3000",
					"path": [
						"v1",
						"explorers"
					]
				}
			},
			"response": []
		},
		{
			"name": "localhost:3000/v1/explorers/1",
			"request": {
				"method": "GET",
				"header": [],
				"url": {
					"raw": "localhost:3000/v1/explorers/1",
					"host": [
						"localhost"
					],
					"port": "3000",
					"path": [
						"v1",
						"explorers",
						"1"
					]
				}
			},
			"response": []
		},
		{
			"name": "localhost:3000/v1/explorers",
			"request": {
				"method": "POST",
				"header": [],
				"body": {
					"mode": "raw",
					"raw": "{\n    \"name\":\"carlogilmar\"\n}",
					"options": {
						"raw": {
							"language": "json"
						}
					}
				},
				"url": {
					"raw": "localhost:3000/v1/explorers",
					"host": [
						"localhost"
					],
					"port": "3000",
					"path": [
						"v1",
						"explorers"
					]
				}
			},
			"response": []
		},
		{
			"name": "localhost:3000/v1/explorers/:id",
			"request": {
				"method": "PUT",
				"header": [],
				"body": {
					"mode": "raw",
					"raw": "{\"name\":\"carlog\"}",
					"options": {
						"raw": {
							"language": "json"
						}
					}
				},
				"url": {
					"raw": "localhost:3000/v1/explorers/1",
					"host": [
						"localhost"
					],
					"port": "3000",
					"path": [
						"v1",
						"explorers",
						"1"
					]
				}
			},
			"response": []
		},
		{
			"name": "localhost:3000/v1/explorers/1",
			"request": {
				"method": "DELETE",
				"header": [],
				"url": {
					"raw": "localhost:3000/v1/explorers/1",
					"host": [
						"localhost"
					],
					"port": "3000",
					"path": [
						"v1",
						"explorers",
						"1"
					]
				}
			},
			"response": []
		}
	]
}